{"T_gta_localgta": [[1, 0, 0, 629540], [0, 1, 0, 4855460], [0, 0, 1, 0], [0, 0, 0, 1]], "T_localgta_gta": [[1.0, 0.0, 0.0, -629540.0], [0.0, 1.0, 0.0, -4855460.0], [0.0, 0.0, 1.0, 0.0], [0.0, 0.0, 0.0, 1.0]], "T_gta_sl": [[-0.49858468549859986, 0.7727174810802976, -0.3928371237840342, 630064.8861048389], [-0.8667847547010734, -0.4392561959431853, 0.2360893546547102, 4855849.597963195], [0.009874230820050546, 0.45821576661097674, 0.8887861445871386, 212.04834174040843], [0.0, 0.0, 0.0, 1.0]], "T_gta_ll": [[-0.058634938398767045, -0.974326164198938, -0.21737137260874995, 630018.5778794022], [0.9982272912280137, -0.054996874017942204, -0.02275066749685292, 4855833.444894257], [0.010211530821833162, -0.21832026409144314, 0.9758236686867076, 213.5431772729862], [0.0, 0.0, 0.0, 1.0]], "T_lc2_localgta": [[-0.374584373, 0.9258485991, -0.04990910745, -170.2828553], [0.08697539062, -0.01850386257, -0.9960385979, 175.2227415], [-0.9231044518, -0.3774413578, -0.07359478581, 645.9671239], [0.0, 0.0, 0.0, 1.0]], "T_sc4_localgta": [[0.3406480123, 0.940060517, -0.01565746071, -540.7119007], [0.3716611885, -0.1499379047, -0.9161804329, 58.0077068], [-0.8636126983, 0.3062757729, -0.4004600583, 419.3689301], [0.0, 0.0, 0.0, 1.0]], "T_localgta_lc2": [[-0.374584373, 0.08697539062, -0.9231044518, 517.2697649], [0.9258485991, -0.01850386257, -0.3774413578, 404.7131489], [-0.04990910745, -0.9960385979, -0.07359478581, 213.5697605], [0.0, 0.0, 0.0, 1.0]], "T_sc1_localgta": [[-0.3174167975, -0.9480422541, 0.02150491012, 538.9055398], [-0.377631608, 0.1055689831, -0.9199182346, 328.32441], [0.8698511052, -0.3001184338, -0.3915200894, -198.6903822], [0.0, 0.0, 0.0, 1.0]], "T_localgta_sc4": [[0.3406480123, 0.3716611885, -0.8636126983, 524.8055543], [0.940060517, -0.1499379047, 0.3062757729, 388.5569197], [-0.01565746071, -0.9161804329, -0.4004600583, 212.6198568], [0.0, 0.0, 0.0, 1.0]], "T_sc3_localgta": [[-0.9029576113, 0.4292545735, -0.02020058027, 281.9745466], [0.1788671295, 0.33268207, -0.9259207257, -38.61075131], [-0.3907353353, -0.8396803865, -0.3771773406, 643.1382232], [0.0, 0.0, 0.0, 1.0]], "T_localgta_sc1": [[-0.3174167975, -0.377631608, 0.8698511052, 467.874394], [-0.9480422541, 0.1055689831, -0.3001184338, 416.6137022], [0.02150491012, -0.9199182346, -0.3915200894, 212.6512202], [0.0, 0.0, 0.0, 1.0]], "T_localgta_sc2": [[0.8941407566, -0.2172569411, 0.3915504168, 479.0868482], [-0.4450583259, -0.3348092118, 0.8305575707, 374.2294498], [-0.04934971075, -0.9168981477, -0.3960585724, 212.7386284], [0.0, 0.0, 0.0, 1.0]], "T_sc2_localgta": [[0.8941407566, -0.4450583259, -0.04934971075, -251.3185547], [-0.2172569411, -0.3348092118, -0.9168981477, 424.4400646], [0.3915504168, 0.8305575707, -0.3960585724, -414.1488004], [0.0, 0.0, 0.0, 1.0]], "T_localgta_lc1": [[-0.1716679791, 0.06701246457, -0.9828730511, 525.9822648], [0.9851246664, 0.019488388, -0.1707325229, 389.2549366], [0.00771340423, -0.9975617937, -0.06936116399, 213.3185991], [0.0, 0.0, 0.0, 1.0]], "T_lc1_localgta": [[-0.1716679791, 0.9851246664, 0.00771340423, -294.8157397], [0.06701246457, 0.019488388, -0.9975617937, 169.9651652], [-0.9828730511, -0.1707325229, -0.06936116399, 598.2282971], [0.0, 0.0, 0.0, 1.0]], "T_localgta_sc3": [[-0.9029576113, 0.1788671295, -0.3907353353, 512.8140866], [0.4292545735, 0.33268207, -0.8396803865, 431.8367927], [-0.02020058027, -0.9259207257, -0.3771773406, 212.5227192], [0.0, 0.0, 0.0, 1.0]]}