{"sc1":{"intrinsic_matrix":[[2160,0,2383.7000000000003,0],[0,2160,1328.1000000000001,0],[0,0,1,0]],"image_size":[4840,2726]},"sc2":{"intrinsic_matrix":[[2160,0,2443.6,0],[0,2160,1349.3999999999999,0],[0,0,1,0]],"image_size":[4851,2731]},"sc3":{"intrinsic_matrix":[[2160,0,2435.6,0],[0,2160,1336.3,0],[0,0,1,0]],"image_size":[4932,2769]},"sc4":{"intrinsic_matrix":[[2160,0,2403,0],[0,2160,1357.9,0],[0,0,1,0]],"image_size":[4847,2733]},"lc1":{"intrinsic_matrix":[[7293.929,0,1812.377,0],[0,7297.966,1061.51,0],[0,0,1,0]]},"lc2":{"intrinsic_matrix":[[7376.68,0,1783.493,0],[0,7380.296,1057.175,0],[0,0,1,0]]}}